Date,Product,Category,Unit_Price,Quantity,Store,Total_Amount
2023-04-13,Bag,Electronics,29838,4,Hyderabad,119352
2023-12-15,Shoes,Clothing,30419,1,Mumbai,30419
2023-09-28,Jacket,Accessories,8633,2,Kolkata,17266
2023-04-17,Tshirt,Accessories,5710,4,Hyderabad,22840
2023-03-13,Headphones,Clothing,18139,3,Pune,54417
2023-07-08,Perfume,Clothing,56344,3,Chennai,169032
2023-01-21,Jeans,Footwear,30819,2,Delhi,61638
2023-04-13,Laptop,Accessories,6108,3,Mumbai,18324
2023-05-02,Perfume,Fragrance,7096,1,Kolkata,7096
2023-08-03,Tshirt,Clothing,21480,4,Kolkata,85920
2023-11-27,Headphones,Clothing,54545,1,Bangalore,54545
2023-03-29,Tshirt,Electronics,43356,1,Chennai,43356
2023-04-10,Watch,Fragrance,18009,3,Delhi,54027
2023-12-26,Shoes,Fragrance,54428,1,Hyderabad,54428
2023-06-01,Jeans,Clothing,58857,3,Delhi,176571
2023-05-11,Mobile,Footwear,17843,4,Chennai,71372
2023-05-30,Shoes,Electronics,37718,4,Chennai,150872
2023-11-05,Mobile,Fragrance,29375,1,Pune,29375
2023-09-15,Headphones,Clothing,38055,2,Pune,76110
2023-12-10,Jacket,Fragrance,48268,3,Delhi,144804
2023-10-21,Laptop,Electronics,37765,3,Hyderabad,113295
2023-07-11,Bag,Electronics,30802,1,Delhi,30802
2023-10-04,Shoes,Accessories,17024,3,Chennai,51072
2023-06-10,Jeans,Clothing,4128,3,Chennai,12384
2023-11-10,Tshirt,Electronics,51420,2,Bangalore,102840
2023-01-22,Jeans,Accessories,17387,2,Pune,34774
2023-09-10,Headphones,Accessories,12905,1,Bangalore,12905
2023-08-24,Mobile,Fragrance,31637,2,Mumbai,63274
2023-12-11,Tshirt,Fragrance,5782,1,Chennai,5782
2023-02-18,Bag,Accessories,27305,4,Bangalore,109220
2023-02-28,Bag,Fragrance,23060,1,Delhi,23060
2023-06-19,Shoes,Electronics,51252,4,Pune,205008
2023-07-07,Headphones,Footwear,5763,1,Pune,5763
2023-09-28,Jacket,Electronics,46928,3,Hyderabad,140784
2023-07-09,Headphones,Accessories,5212,2,Delhi,10424
2023-06-24,Mobile,Accessories,4948,4,Hyderabad,19792
2023-02-20,Jeans,Electronics,33923,1,Bangalore,33923
2023-12-30,Bag,Fragrance,59456,2,Kolkata,118912
2023-02-24,Jeans,Fragrance,35934,1,Mumbai,35934
2023-09-01,Jeans,Accessories,44902,2,Delhi,89804
2023-11-16,Jeans,Clothing,49362,2,Delhi,98724
2023-05-11,Bag,Fragrance,49634,1,Delhi,49634
2023-11-03,Perfume,Electronics,3412,4,Hyderabad,13648
2023-05-15,Watch,Fragrance,22354,4,Bangalore,89416
2023-01-21,Mobile,Electronics,4792,3,Delhi,14376
2023-11-25,Perfume,Accessories,22507,2,Kolkata,45014
2023-06-16,Mobile,Fragrance,15414,3,Delhi,46242
2023-10-01,Tshirt,Electronics,34585,3,Pune,103755
2023-03-30,Headphones,Accessories,16318,1,Mumbai,16318
2023-11-12,Headphones,Clothing,21686,1,Pune,21686
2023-01-14,Laptop,Electronics,18040,1,Pune,18040
2023-08-30,Headphones,Clothing,59818,2,Mumbai,119636
2023-09-22,Bag,Clothing,53081,1,Kolkata,53081
2023-12-12,Jacket,Footwear,53080,1,Bangalore,53080
2023-02-22,Shoes,Fragrance,44499,2,Pune,88998
2023-12-06,Laptop,Electronics,8510,2,Bangalore,17020
2023-04-02,Shoes,Clothing,44663,4,Pune,178652
2023-09-21,Mobile,Footwear,45939,1,Chennai,45939
2023-02-04,Shoes,Accessories,13043,1,Mumbai,13043
2023-07-25,Shoes,Electronics,55584,1,Pune,55584
2023-03-22,Laptop,Clothing,42392,4,Chennai,169568
2023-02-19,Tshirt,Fragrance,44599,1,Hyderabad,44599
2023-12-26,Jeans,Footwear,6888,4,Chennai,27552
2023-01-02,Headphones,Clothing,3611,3,Delhi,10833
2023-02-23,Headphones,Fragrance,22732,4,Pune,90928
2023-04-16,Bag,Clothing,55698,3,Chennai,167094
2023-09-17,Laptop,Electronics,34055,1,Bangalore,34055
2023-11-06,Bag,Electronics,3621,3,Hyderabad,10863
2023-07-10,Jacket,Electronics,16112,4,Kolkata,64448
2023-08-06,Jacket,Footwear,37683,2,Pune,75366
2023-02-13,Bag,Electronics,48580,3,Delhi,145740
2023-06-11,Laptop,Fragrance,13446,3,Kolkata,40338
2023-07-21,Bag,Clothing,57817,1,Chennai,57817
2023-09-27,Headphones,Accessories,13954,4,Kolkata,55816
2023-12-17,Perfume,Fragrance,53193,3,Kolkata,159579
2023-10-31,Watch,Fragrance,36120,3,Hyderabad,108360
2023-09-28,Shoes,Electronics,56026,3,Kolkata,168078
2023-08-03,Watch,Footwear,1026,3,Kolkata,3078
2023-09-09,Laptop,Clothing,4060,2,Pune,8120
2023-07-09,Watch,Footwear,22490,4,Hyderabad,89960
2023-10-23,Jacket,Clothing,2175,1,Delhi,2175
2023-08-01,Mobile,Clothing,23677,1,Chennai,23677
2023-07-27,Shoes,Footwear,47037,2,Hyderabad,94074
2023-08-25,Jeans,Fragrance,4333,4,Hyderabad,17332
2023-12-04,Laptop,Clothing,38511,3,Mumbai,115533
2023-02-22,Shoes,Footwear,17673,2,Hyderabad,35346
2023-10-07,Watch,Clothing,4044,4,Mumbai,16176
2023-08-05,Jacket,Accessories,25295,3,Chennai,75885
2023-09-09,Tshirt,Fragrance,17277,2,Kolkata,34554
2023-07-07,Perfume,Electronics,32702,4,Pune,130808
2023-02-10,Jeans,Clothing,34842,1,Pune,34842
2023-06-06,Perfume,Accessories,10951,1,Chennai,10951
2023-01-15,Shoes,Electronics,34003,4,Chennai,136012
2023-10-28,Jacket,Electronics,13695,1,Bangalore,13695
2023-03-06,Jacket,Clothing,30108,4,Kolkata,120432
2023-12-11,Watch,Footwear,36876,3,Chennai,110628
2023-11-23,Headphones,Clothing,17015,4,Hyderabad,68060
2023-01-09,Watch,Accessories,44709,3,Pune,134127
2023-12-10,Headphones,Electronics,24606,2,Delhi,49212
2023-05-09,Headphones,Clothing,19386,4,Pune,77544
2023-05-16,Jeans,Footwear,14676,2,Mumbai,29352
2023-03-04,Watch,Clothing,6189,1,Pune,6189
2023-05-19,Tshirt,Fragrance,38122,3,Bangalore,114366
2023-03-22,Bag,Footwear,36936,4,Kolkata,147744
2023-06-12,Bag,Accessories,20884,2,Chennai,41768
2023-10-16,Watch,Electronics,49653,3,Kolkata,148959
2023-09-18,Watch,Clothing,51949,3,Chennai,155847
2023-08-19,Perfume,Footwear,34910,1,Pune,34910
2023-02-10,Jeans,Fragrance,10358,1,Delhi,10358
2023-01-28,Watch,Footwear,59640,3,Delhi,178920
2023-05-15,Perfume,Fragrance,9401,3,Bangalore,28203
2023-07-20,Headphones,Accessories,12797,4,Mumbai,51188
2023-11-24,Jacket,Electronics,4958,3,Pune,14874
2023-09-25,Jacket,Accessories,11681,4,Chennai,46724
2023-02-02,Headphones,Clothing,40612,3,Pune,121836
2023-02-17,Laptop,Footwear,40786,1,Bangalore,40786
2023-03-03,Perfume,Fragrance,46919,4,Hyderabad,187676
2023-08-04,Perfume,Fragrance,17454,2,Hyderabad,34908
2023-10-20,Headphones,Footwear,19839,1,Bangalore,19839
2023-04-09,Tshirt,Footwear,12077,4,Chennai,48308
2023-06-21,Mobile,Clothing,34696,4,Kolkata,138784
2023-12-26,Shoes,Accessories,30673,2,Bangalore,61346
2023-08-02,Headphones,Fragrance,33454,4,Chennai,133816
2023-02-04,Watch,Clothing,6331,3,Delhi,18993
2023-08-15,Watch,Accessories,28297,2,Bangalore,56594
2023-04-11,Jeans,Clothing,6739,1,Chennai,6739
2023-05-11,Headphones,Fragrance,23085,1,Bangalore,23085
2023-09-14,Jeans,Footwear,13692,3,Bangalore,41076
2023-01-05,Headphones,Footwear,53460,1,Kolkata,53460
2023-08-06,Perfume,Accessories,28969,4,Kolkata,115876
2023-09-12,Shoes,Electronics,29239,4,Chennai,116956
2023-12-25,Perfume,Accessories,51918,3,Chennai,155754
2023-10-10,Mobile,Electronics,2582,1,Mumbai,2582
2023-07-26,Jacket,Clothing,34924,1,Bangalore,34924
2023-01-15,Bag,Clothing,48738,3,Hyderabad,146214
2023-12-12,Headphones,Fragrance,24664,2,Bangalore,49328
2023-02-11,Mobile,Electronics,2298,1,Bangalore,2298
2023-06-28,Jacket,Fragrance,32005,2,Chennai,64010
2023-03-04,Laptop,Footwear,38544,1,Bangalore,38544
2023-12-18,Shoes,Electronics,9728,1,Pune,9728
2023-08-19,Jeans,Accessories,37737,1,Bangalore,37737
2023-08-29,Jeans,Footwear,12636,1,Pune,12636
2023-02-21,Perfume,Footwear,9642,4,Kolkata,38568
2023-04-06,Watch,Accessories,53770,2,Hyderabad,107540
2023-08-10,Jacket,Footwear,40132,2,Chennai,80264
2023-08-19,Laptop,Electronics,7746,1,Bangalore,7746
2023-08-25,Mobile,Fragrance,50883,1,Pune,50883
2023-05-23,Shoes,Footwear,38692,2,Pune,77384
2023-06-20,Jacket,Electronics,7761,4,Kolkata,31044
2023-01-29,Laptop,Clothing,34887,3,Pune,104661
2023-02-05,Bag,Electronics,10816,3,Delhi,32448
2023-01-13,Headphones,Fragrance,14049,2,Mumbai,28098
2023-06-09,Jeans,Electronics,17814,1,Hyderabad,17814
2023-11-23,Mobile,Accessories,56015,1,Kolkata,56015
2023-07-06,Jeans,Fragrance,35726,4,Kolkata,142904
2023-08-31,Mobile,Clothing,36568,3,Bangalore,109704
2023-03-27,Perfume,Accessories,25250,4,Delhi,101000
2023-10-11,Watch,Electronics,35188,3,Bangalore,105564
2023-03-07,Mobile,Fragrance,37088,2,Bangalore,74176
2023-06-19,Jeans,Clothing,10513,3,Chennai,31539
2023-02-14,Perfume,Accessories,36327,4,Chennai,145308
2023-03-03,Mobile,Clothing,28311,4,Chennai,113244
2023-05-14,Bag,Electronics,43149,4,Delhi,172596
2023-10-11,Watch,Clothing,34891,2,Bangalore,69782
2023-01-28,Mobile,Footwear,18158,3,Mumbai,54474
2023-04-18,Perfume,Accessories,18926,3,Hyderabad,56778
2023-02-13,Jacket,Clothing,13767,4,Chennai,55068
2023-12-06,Tshirt,Electronics,52695,3,Chennai,158085
2023-10-13,Laptop,Electronics,40058,1,Kolkata,40058
2023-11-27,Tshirt,Clothing,54612,1,Bangalore,54612
2023-05-08,Tshirt,Electronics,3434,1,Bangalore,3434
2023-12-14,Shoes,Fragrance,51522,3,Delhi,154566
2023-08-19,Bag,Fragrance,17043,2,Delhi,34086
2023-07-09,Jacket,Fragrance,15734,2,Chennai,31468
2023-08-13,Headphones,Footwear,48075,2,Bangalore,96150
2023-10-10,Mobile,Clothing,10533,2,Mumbai,21066
2023-05-01,Laptop,Footwear,49446,1,Hyderabad,49446
2023-04-26,Watch,Electronics,1441,1,Bangalore,1441
2023-08-21,Jacket,Footwear,18319,4,Kolkata,73276
2023-09-16,Jeans,Electronics,20684,3,Bangalore,62052
2023-12-25,Headphones,Electronics,43203,3,Pune,129609
2023-07-17,Shoes,Accessories,46034,2,Delhi,92068
2023-05-17,Shoes,Fragrance,36429,1,Kolkata,36429
2023-11-14,Jacket,Electronics,23267,2,Hyderabad,46534
2023-06-14,Perfume,Accessories,40903,4,Chennai,163612
2023-08-13,Tshirt,Fragrance,11472,3,Kolkata,34416
2023-11-03,Jeans,Electronics,16690,3,Bangalore,50070
2023-08-22,Shoes,Electronics,3567,2,Chennai,7134
2023-06-21,Laptop,Footwear,39632,4,Bangalore,158528
2023-06-01,Shoes,Footwear,26467,3,Chennai,79401
2023-11-11,Watch,Fragrance,21612,4,Hyderabad,86448
2023-06-09,Mobile,Electronics,28140,4,Delhi,112560
2023-04-06,Shoes,Clothing,19290,2,Hyderabad,38580
2023-08-21,Watch,Footwear,44479,1,Pune,44479
2023-06-29,Jacket,Fragrance,6206,2,Mumbai,12412
2023-04-23,Jacket,Electronics,49096,1,Delhi,49096
2023-11-14,Headphones,Electronics,52725,4,Hyderabad,210900
2023-02-21,Shoes,Clothing,40679,1,Pune,40679
2023-09-25,Laptop,Fragrance,17597,4,Mumbai,70388
2023-10-22,Shoes,Electronics,2311,3,Pune,6933
2023-04-23,Laptop,Footwear,50894,3,Bangalore,152682
2023-04-11,Bag,Clothing,54998,3,Bangalore,164994
2023-04-23,Headphones,Fragrance,44314,2,Chennai,88628
2023-03-22,Bag,Clothing,46858,2,Delhi,93716
2023-07-06,Shoes,Footwear,12038,4,Bangalore,48152
2023-04-23,Headphones,Fragrance,29097,3,Kolkata,87291
2023-01-02,Bag,Clothing,47798,2,Pune,95596
2023-05-10,Tshirt,Accessories,11420,3,Delhi,34260
2023-08-08,Shoes,Footwear,51281,2,Kolkata,102562
2023-02-23,Bag,Footwear,9067,1,Bangalore,9067
2023-12-09,Tshirt,Footwear,23152,1,Chennai,23152
2023-08-12,Tshirt,Accessories,14003,3,Hyderabad,42009
2023-08-13,Jacket,Accessories,1229,4,Chennai,4916
2023-05-06,Shoes,Electronics,12251,2,Kolkata,24502
2023-05-10,Tshirt,Clothing,53151,2,Mumbai,106302
2023-02-22,Jacket,Electronics,26339,1,Bangalore,26339
2023-06-21,Bag,Clothing,48913,1,Kolkata,48913
2023-08-06,Watch,Accessories,29804,4,Mumbai,119216
2023-06-09,Shoes,Accessories,17738,4,Mumbai,70952
2023-07-17,Headphones,Electronics,48815,4,Pune,195260
2023-09-04,Laptop,Fragrance,6044,3,Delhi,18132
2023-11-20,Laptop,Electronics,18584,1,Pune,18584
2023-07-22,Bag,Clothing,42717,3,Bangalore,128151
2023-07-03,Perfume,Electronics,40048,1,Mumbai,40048
2023-05-03,Perfume,Footwear,7369,1,Kolkata,7369
2023-09-12,Bag,Clothing,42659,2,Hyderabad,85318
2023-10-21,Tshirt,Clothing,20099,1,Mumbai,20099
2023-10-07,Shoes,Fragrance,33510,1,Kolkata,33510
2023-11-21,Laptop,Accessories,28526,3,Hyderabad,85578
2023-04-08,Laptop,Clothing,55670,1,Pune,55670
2023-07-17,Tshirt,Accessories,4952,3,Pune,14856
2023-08-28,Laptop,Electronics,24623,4,Delhi,98492
2023-05-24,Headphones,Footwear,57285,1,Kolkata,57285
2023-04-07,Shoes,Fragrance,42438,1,Mumbai,42438
2023-07-20,Mobile,Accessories,7897,3,Chennai,23691
2023-05-04,Laptop,Clothing,47393,4,Pune,189572
2023-07-06,Bag,Accessories,37526,2,Pune,75052
2023-11-22,Headphones,Clothing,6891,4,Delhi,27564
2023-12-15,Laptop,Accessories,49414,3,Hyderabad,148242
2023-09-16,Headphones,Clothing,26133,4,Delhi,104532
2023-05-28,Jacket,Electronics,12126,3,Mumbai,36378
2023-09-09,Mobile,Clothing,26717,3,Kolkata,80151
2023-12-12,Jeans,Clothing,18993,2,Bangalore,37986
2023-05-27,Bag,Footwear,14438,1,Bangalore,14438
2023-05-28,Bag,Clothing,55720,3,Kolkata,167160
2023-12-18,Shoes,Footwear,50362,3,Hyderabad,151086
2023-07-18,Headphones,Fragrance,53792,2,Pune,107584
2023-11-04,Tshirt,Footwear,53461,3,Hyderabad,160383
2023-05-08,Bag,Electronics,56080,1,Pune,56080
2023-02-08,Headphones,Footwear,2469,2,Pune,4938
2023-12-04,Headphones,Fragrance,18856,1,Bangalore,18856
2023-12-26,Watch,Electronics,22352,1,Hyderabad,22352
2023-05-09,Watch,Accessories,6613,2,Delhi,13226
2023-09-24,Jeans,Accessories,8615,3,Pune,25845
2023-05-31,Jacket,Footwear,8336,1,Chennai,8336
2023-10-25,Jeans,Footwear,32078,1,Chennai,32078
2023-04-09,Laptop,Fragrance,28034,1,Delhi,28034
2023-09-20,Tshirt,Fragrance,23473,1,Chennai,23473
2023-09-09,Laptop,Clothing,30703,2,Mumbai,61406
2023-05-24,Perfume,Fragrance,1085,2,Pune,2170
2023-12-12,Laptop,Clothing,6439,4,Delhi,25756
2023-04-22,Shoes,Electronics,6644,4,Hyderabad,26576
2023-03-01,Laptop,Footwear,19100,1,Pune,19100
2023-01-02,Jeans,Electronics,25672,3,Delhi,77016
2023-10-31,Bag,Fragrance,20838,1,Bangalore,20838
2023-09-11,Bag,Electronics,15273,3,Hyderabad,45819
2023-05-20,Watch,Electronics,5919,1,Bangalore,5919
2023-02-06,Tshirt,Electronics,35004,4,Pune,140016
2023-06-09,Tshirt,Fragrance,59800,4,Hyderabad,239200
2023-01-09,Shoes,Electronics,36875,3,Chennai,110625
2023-08-21,Jeans,Clothing,40219,1,Delhi,40219
2023-04-09,Watch,Fragrance,42561,3,Pune,127683
2023-05-27,Perfume,Electronics,45423,4,Mumbai,181692
2023-10-31,Tshirt,Fragrance,28016,1,Hyderabad,28016
2023-07-27,Bag,Accessories,3536,1,Hyderabad,3536
2023-05-11,Laptop,Clothing,16148,3,Kolkata,48444
2023-06-01,Laptop,Electronics,2652,2,Pune,5304
2023-02-23,Watch,Accessories,2232,3,Pune,6696
2023-04-30,Jeans,Accessories,11213,4,Bangalore,44852
2023-06-10,Jeans,Fragrance,8856,4,Kolkata,35424
2023-04-26,Jacket,Accessories,21600,4,Chennai,86400
2023-03-16,Mobile,Clothing,5798,4,Bangalore,23192
2023-04-23,Tshirt,Clothing,10882,4,Kolkata,43528
2023-04-14,Jeans,Footwear,50398,2,Bangalore,100796
2023-12-06,Bag,Clothing,46933,1,Chennai,46933
2023-09-11,Watch,Accessories,9869,3,Kolkata,29607
2023-08-15,Perfume,Clothing,50891,3,Kolkata,152673
2023-04-22,Jacket,Fragrance,57182,4,Mumbai,228728
2023-04-09,Headphones,Footwear,5157,3,Bangalore,15471
2023-06-02,Shoes,Accessories,640,4,Bangalore,2560
2023-12-15,Perfume,Footwear,44249,2,Hyderabad,88498
2023-12-04,Headphones,Accessories,17066,2,Chennai,34132
2023-07-13,Laptop,Fragrance,26432,1,Delhi,26432
2023-11-06,Shoes,Footwear,8791,2,Mumbai,17582
2023-06-12,Tshirt,Electronics,438,2,Kolkata,876
2023-07-27,Bag,Accessories,658,1,Kolkata,658
2023-06-18,Shoes,Electronics,54383,3,Kolkata,163149
2023-06-10,Mobile,Footwear,10014,4,Mumbai,40056
2023-03-09,Headphones,Electronics,20140,4,Kolkata,80560
2023-10-16,Tshirt,Electronics,34695,3,Kolkata,104085
2023-10-04,Mobile,Footwear,30954,1,Chennai,30954
2023-10-31,Laptop,Fragrance,26179,3,Pune,78537
2023-05-15,Mobile,Electronics,16296,2,Pune,32592
2023-07-14,Jacket,Electronics,56078,1,Hyderabad,56078
2023-05-08,Jacket,Fragrance,38072,1,Hyderabad,38072
2023-02-02,Watch,Electronics,58778,1,Kolkata,58778
2023-06-25,Perfume,Electronics,27062,4,Chennai,108248
2023-01-22,Perfume,Electronics,13583,3,Kolkata,40749
2023-08-26,Tshirt,Clothing,39720,1,Hyderabad,39720
2023-06-07,Laptop,Fragrance,55868,1,Mumbai,55868
2023-02-07,Jeans,Electronics,19854,1,Mumbai,19854
2023-08-18,Jacket,Fragrance,20519,3,Delhi,61557
2023-12-31,Tshirt,Accessories,57469,4,Pune,229876
2023-02-20,Jeans,Accessories,35219,2,Chennai,70438
2023-09-21,Perfume,Electronics,9729,4,Bangalore,38916
2023-10-10,Watch,Fragrance,47140,1,Pune,47140
2023-01-27,Mobile,Fragrance,44995,4,Bangalore,179980
2023-08-14,Jacket,Fragrance,39973,4,Delhi,159892
2023-10-04,Tshirt,Clothing,19518,2,Delhi,39036
2023-10-13,Shoes,Accessories,12752,3,Kolkata,38256
2023-04-07,Jeans,Fragrance,58642,3,Hyderabad,175926
2023-10-11,Mobile,Fragrance,49280,4,Delhi,197120
2023-11-13,Jacket,Clothing,19251,4,Delhi,77004
2023-10-31,Perfume,Clothing,1607,3,Bangalore,4821
2023-05-27,Laptop,Fragrance,15152,3,Hyderabad,45456
2023-01-04,Jeans,Footwear,25532,2,Delhi,51064
2023-02-04,Perfume,Fragrance,35728,1,Pune,35728
2023-07-11,Jacket,Fragrance,43471,4,Delhi,173884
2023-02-18,Jeans,Clothing,26785,3,Hyderabad,80355
2023-01-17,Mobile,Clothing,53182,4,Kolkata,212728
2023-06-21,Jacket,Fragrance,10538,4,Chennai,42152
2023-08-08,Headphones,Fragrance,39275,3,Hyderabad,117825
2023-06-07,Tshirt,Fragrance,52614,2,Bangalore,105228
2023-02-15,Mobile,Clothing,1440,4,Chennai,5760
2023-01-06,Jeans,Fragrance,25142,2,Pune,50284
2023-04-09,Laptop,Fragrance,26721,3,Mumbai,80163
2023-08-21,Perfume,Electronics,2008,1,Hyderabad,2008
2023-02-06,Shoes,Footwear,3930,1,Kolkata,3930
2023-10-07,Perfume,Accessories,19895,4,Bangalore,79580
2023-12-15,Jeans,Footwear,10785,3,Pune,32355
2023-10-29,Perfume,Electronics,28608,2,Chennai,57216
2023-06-30,Tshirt,Accessories,45089,4,Pune,180356
2023-04-05,Jacket,Fragrance,55990,3,Hyderabad,167970
2023-04-09,Shoes,Electronics,26386,3,Delhi,79158
2023-07-07,Bag,Fragrance,17159,2,Kolkata,34318
2023-04-26,Jeans,Clothing,7984,4,Hyderabad,31936
2023-07-10,Watch,Electronics,25852,3,Mumbai,77556
2023-09-10,Bag,Clothing,1507,3,Hyderabad,4521
2023-06-10,Perfume,Electronics,46399,3,Chennai,139197
2023-09-13,Jeans,Electronics,2260,2,Chennai,4520
2023-11-19,Headphones,Clothing,857,4,Hyderabad,3428
2023-05-08,Watch,Accessories,29989,4,Chennai,119956
2023-01-18,Shoes,Footwear,48951,4,Delhi,195804
2023-10-08,Laptop,Fragrance,14193,4,Pune,56772
2023-08-11,Headphones,Electronics,32572,1,Hyderabad,32572
2023-02-23,Bag,Fragrance,1182,1,Kolkata,1182
2023-02-27,Jacket,Clothing,59838,4,Delhi,239352
2023-11-19,Tshirt,Fragrance,37829,2,Pune,75658
2023-12-26,Laptop,Clothing,38935,1,Kolkata,38935
2023-06-23,Headphones,Fragrance,56415,3,Kolkata,169245
2023-10-07,Jacket,Footwear,29835,1,Kolkata,29835
2023-04-24,Jacket,Footwear,13169,3,Pune,39507
2023-10-15,Jeans,Footwear,7466,4,Delhi,29864
2023-12-08,Headphones,Footwear,13282,1,Kolkata,13282
2023-05-31,Shoes,Footwear,40997,2,Kolkata,81994
2023-05-07,Perfume,Footwear,38415,1,Bangalore,38415
2023-06-04,Watch,Clothing,7569,1,Hyderabad,7569
2023-09-30,Watch,Electronics,59254,1,Pune,59254
2023-04-14,Bag,Fragrance,28364,4,Pune,113456
2023-10-26,Bag,Footwear,57577,2,Chennai,115154
2023-09-03,Watch,Clothing,13827,1,Pune,13827
2023-06-25,Shoes,Clothing,2754,2,Delhi,5508
2023-02-08,Tshirt,Clothing,21178,4,Pune,84712
2023-06-19,Mobile,Electronics,51398,3,Bangalore,154194
2023-09-04,Perfume,Fragrance,13291,1,Hyderabad,13291
2023-01-26,Tshirt,Electronics,3108,2,Hyderabad,6216
2023-12-21,Jeans,Accessories,39710,2,Pune,79420
2023-11-02,Mobile,Clothing,36893,4,Kolkata,147572
2023-01-13,Mobile,Accessories,36604,1,Mumbai,36604
2023-11-12,Headphones,Footwear,30686,3,Mumbai,92058
2023-11-09,Shoes,Footwear,55520,2,Kolkata,111040
2023-02-05,Shoes,Electronics,48377,1,Kolkata,48377
2023-06-22,Mobile,Fragrance,4102,3,Kolkata,12306
2023-01-20,Headphones,Accessories,29053,2,Delhi,58106
2023-11-17,Perfume,Fragrance,21383,2,Mumbai,42766
2023-09-21,Mobile,Electronics,18654,3,Kolkata,55962
2023-05-22,Laptop,Footwear,22490,3,Delhi,67470
2023-05-23,Bag,Fragrance,6442,4,Chennai,25768
2023-04-02,Bag,Fragrance,28698,1,Delhi,28698
2023-12-20,Tshirt,Footwear,52271,1,Mumbai,52271
2023-11-18,Jeans,Accessories,42162,4,Pune,168648
2023-10-15,Bag,Footwear,33432,2,Chennai,66864
2023-08-03,Jacket,Fragrance,53710,3,Mumbai,161130
2023-12-08,Tshirt,Accessories,19803,3,Delhi,59409
2023-02-20,Bag,Accessories,48756,3,Bangalore,146268
2023-06-02,Jeans,Footwear,34931,2,Hyderabad,69862
2023-07-05,Shoes,Fragrance,16799,3,Mumbai,50397
2023-03-04,Shoes,Electronics,40152,3,Kolkata,120456
2023-07-09,Perfume,Fragrance,8316,4,Delhi,33264
2023-05-05,Mobile,Clothing,2684,2,Kolkata,5368
2023-05-30,Laptop,Electronics,15372,1,Kolkata,15372
2023-11-10,Shoes,Accessories,37003,4,Kolkata,148012
2023-02-27,Headphones,Electronics,46195,4,Kolkata,184780
2023-12-08,Bag,Accessories,14782,1,Kolkata,14782
2023-11-01,Headphones,Accessories,40810,4,Chennai,163240
2023-06-29,Jeans,Electronics,49233,2,Mumbai,98466
2023-06-19,Shoes,Accessories,22126,3,Mumbai,66378
2023-11-22,Laptop,Accessories,2790,2,Hyderabad,5580
2023-09-28,Jeans,Clothing,56432,1,Delhi,56432
2023-02-23,Jacket,Fragrance,46392,1,Bangalore,46392
2023-04-11,Jacket,Fragrance,25818,4,Chennai,103272
2023-09-21,Headphones,Clothing,24345,2,Delhi,48690
2023-02-22,Mobile,Electronics,51176,2,Chennai,102352
2023-03-01,Tshirt,Footwear,27210,1,Mumbai,27210
2023-04-18,Mobile,Footwear,24866,2,Kolkata,49732
2023-01-05,Perfume,Footwear,52219,1,Hyderabad,52219
2023-04-13,Mobile,Clothing,34205,2,Hyderabad,68410
2023-07-15,Perfume,Clothing,27403,2,Pune,54806
2023-09-19,Perfume,Accessories,53569,2,Bangalore,107138
2023-12-31,Laptop,Footwear,36488,1,Hyderabad,36488
2023-12-16,Shoes,Electronics,6145,4,Kolkata,24580
2023-02-16,Laptop,Electronics,21462,2,Mumbai,42924
2023-12-21,Perfume,Footwear,36974,1,Bangalore,36974
2023-11-07,Jeans,Footwear,53089,1,Delhi,53089
2023-11-04,Jacket,Footwear,19637,2,Kolkata,39274
2023-05-24,Perfume,Clothing,22613,2,Kolkata,45226
2023-09-26,Laptop,Clothing,27243,4,Hyderabad,108972
2023-05-04,Jeans,Clothing,12713,1,Bangalore,12713
2023-04-16,Laptop,Fragrance,576,1,Mumbai,576
2023-06-07,Mobile,Electronics,51451,3,Pune,154353
2023-05-27,Bag,Electronics,17911,1,Chennai,17911
2023-05-25,Headphones,Accessories,39405,4,Chennai,157620
2023-04-30,Tshirt,Clothing,12244,3,Mumbai,36732
2023-11-15,Laptop,Fragrance,53187,3,Mumbai,159561
2023-10-02,Tshirt,Fragrance,16206,3,Chennai,48618
2023-04-02,Watch,Electronics,50147,2,Pune,100294
2023-02-27,Laptop,Clothing,58953,2,Bangalore,117906
2023-12-12,Bag,Accessories,20836,1,Chennai,20836
2023-08-17,Tshirt,Clothing,57353,3,Mumbai,172059
2023-04-27,Perfume,Footwear,56922,4,Hyderabad,227688
2023-11-14,Laptop,Clothing,28110,2,Delhi,56220
2023-10-06,Shoes,Footwear,12606,4,Pune,50424
2023-05-07,Headphones,Footwear,56989,4,Kolkata,227956
2023-05-09,Bag,Accessories,10803,2,Pune,21606
2023-02-27,Tshirt,Electronics,19525,2,Hyderabad,39050
2023-05-02,Bag,Clothing,37276,2,Hyderabad,74552
2023-01-01,Jeans,Footwear,11890,2,Kolkata,23780
2023-08-27,Headphones,Clothing,58185,3,Mumbai,174555
2023-10-17,Perfume,Electronics,11186,3,Chennai,33558
2023-04-06,Laptop,Electronics,13166,3,Bangalore,39498
2023-05-06,Laptop,Fragrance,1388,3,Pune,4164
2023-04-28,Laptop,Electronics,3663,1,Kolkata,3663
2023-02-17,Headphones,Accessories,33092,3,Pune,99276
2023-03-30,Shoes,Footwear,10064,2,Hyderabad,20128
2023-08-25,Watch,Fragrance,55596,4,Chennai,222384
2023-09-29,Jacket,Accessories,55120,3,Pune,165360
2023-07-08,Mobile,Clothing,20920,1,Bangalore,20920
2023-07-11,Tshirt,Footwear,43027,2,Hyderabad,86054
2023-03-10,Shoes,Electronics,13235,4,Bangalore,52940
2023-10-05,Perfume,Footwear,8368,4,Chennai,33472
2023-12-15,Tshirt,Clothing,51687,3,Pune,155061
2023-09-04,Laptop,Fragrance,7595,4,Delhi,30380
2023-03-17,Bag,Fragrance,41460,3,Pune,124380
2023-06-03,Perfume,Fragrance,11690,3,Chennai,35070
2023-05-24,Tshirt,Electronics,41516,2,Pune,83032
2023-03-27,Laptop,Accessories,20431,2,Kolkata,40862
2023-07-04,Tshirt,Accessories,29518,1,Pune,29518
2023-10-12,Bag,Footwear,10733,2,Mumbai,21466
2023-08-08,Laptop,Electronics,15338,2,Pune,30676
2023-03-10,Watch,Fragrance,52627,3,Pune,157881
2023-02-16,Shoes,Fragrance,28482,2,Bangalore,56964
2023-04-04,Jeans,Clothing,11828,3,Delhi,35484
2023-08-26,Mobile,Clothing,21581,3,Bangalore,64743
2023-07-23,Headphones,Fragrance,54489,2,Bangalore,108978
2023-08-06,Mobile,Fragrance,48811,1,Hyderabad,48811
2023-12-07,Perfume,Electronics,56879,1,Mumbai,56879
2023-02-08,Mobile,Accessories,8905,4,Bangalore,35620
2023-04-10,Laptop,Clothing,35082,4,Kolkata,140328
2023-10-16,Watch,Accessories,1681,2,Chennai,3362
2023-09-11,Jeans,Electronics,1398,1,Kolkata,1398
2023-08-10,Shoes,Fragrance,20110,3,Chennai,60330
2023-12-23,Shoes,Accessories,53107,4,Pune,212428
2023-01-23,Bag,Fragrance,24622,3,Hyderabad,73866
2023-09-07,Headphones,Fragrance,42169,4,Mumbai,168676
2023-01-10,Tshirt,Footwear,33255,2,Kolkata,66510
2023-09-03,Watch,Accessories,45016,1,Mumbai,45016
2023-11-21,Tshirt,Accessories,10507,4,Kolkata,42028
2023-04-10,Jeans,Fragrance,22093,1,Pune,22093
2023-10-17,Mobile,Electronics,2392,3,Chennai,7176
2023-06-29,Shoes,Footwear,28520,2,Delhi,57040
2023-08-11,Jeans,Fragrance,18814,1,Hyderabad,18814
2023-09-07,Mobile,Clothing,38310,2,Kolkata,76620
2023-05-27,Shoes,Clothing,8849,1,Kolkata,8849
2023-04-06,Mobile,Footwear,22331,3,Pune,66993
2023-09-14,Headphones,Electronics,5485,3,Hyderabad,16455
2023-11-21,Watch,Fragrance,15571,2,Chennai,31142
2023-01-04,Perfume,Accessories,6076,3,Chennai,18228
2023-01-16,Jeans,Footwear,12749,4,Kolkata,50996
2023-10-07,Jeans,Electronics,24597,1,Delhi,24597
2023-12-02,Jacket,Accessories,56999,3,Delhi,170997
2023-09-04,Laptop,Clothing,40891,4,Mumbai,163564
2023-09-15,Headphones,Clothing,16017,2,Hyderabad,32034
2023-06-09,Headphones,Accessories,40423,4,Hyderabad,161692
2023-12-06,Tshirt,Footwear,39533,2,Chennai,79066
2023-06-01,Mobile,Clothing,45805,2,Mumbai,91610
2023-06-27,Laptop,Fragrance,50949,1,Pune,50949
2023-06-12,Watch,Accessories,46392,1,Hyderabad,46392
2023-02-02,Watch,Accessories,10650,4,Mumbai,42600
2023-06-28,Headphones,Clothing,30922,1,Mumbai,30922
2023-04-11,Watch,Footwear,35623,1,Kolkata,35623
2023-09-25,Jacket,Fragrance,54861,1,Chennai,54861
2023-11-19,Jeans,Footwear,59986,4,Mumbai,239944
2023-03-06,Bag,Electronics,3251,3,Delhi,9753
2023-06-17,Perfume,Electronics,17922,1,Delhi,17922
2023-11-26,Tshirt,Clothing,58617,1,Bangalore,58617
2023-02-12,Mobile,Clothing,5027,4,Chennai,20108
2023-02-13,Perfume,Clothing,53417,3,Kolkata,160251
2023-10-12,Mobile,Electronics,38754,1,Pune,38754
2023-01-12,Shoes,Footwear,58694,2,Bangalore,117388
2023-04-05,Perfume,Footwear,36769,4,Delhi,147076
2023-10-29,Bag,Clothing,35848,1,Kolkata,35848
2023-09-10,Headphones,Fragrance,24082,1,Bangalore,24082
2023-08-30,Jacket,Footwear,51040,2,Chennai,102080
2023-02-04,Jeans,Electronics,28754,2,Kolkata,57508
2023-08-03,Jeans,Accessories,2668,4,Chennai,10672
2023-12-03,Jacket,Accessories,15892,4,Mumbai,63568
2023-03-31,Laptop,Accessories,22473,2,Hyderabad,44946
2023-09-21,Shoes,Fragrance,33504,4,Mumbai,134016
2023-04-03,Mobile,Clothing,35896,2,Chennai,71792
2023-03-31,Bag,Electronics,34624,1,Kolkata,34624
2023-04-25,Watch,Fragrance,57022,2,Delhi,114044
2023-04-15,Perfume,Electronics,46432,2,Pune,92864
2023-07-15,Shoes,Electronics,24164,3,Delhi,72492
2023-11-10,Perfume,Clothing,58948,2,Kolkata,117896
2023-04-24,Bag,Accessories,48129,2,Mumbai,96258
2023-03-16,Tshirt,Clothing,31050,3,Pune,93150
2023-08-05,Tshirt,Fragrance,10876,4,Kolkata,43504
2023-10-04,Shoes,Fragrance,16866,3,Chennai,50598
2023-09-06,Headphones,Fragrance,7490,1,Delhi,7490
2023-06-13,Bag,Clothing,23371,3,Chennai,70113
2023-12-23,Bag,Electronics,38633,1,Pune,38633
2023-07-11,Jacket,Electronics,56693,4,Pune,226772
2023-08-15,Headphones,Footwear,15669,3,Delhi,47007
2023-06-26,Mobile,Fragrance,24335,3,Chennai,73005
2023-04-09,Mobile,Electronics,55027,4,Bangalore,220108
2023-02-05,Watch,Footwear,1889,1,Chennai,1889
2023-04-06,Jeans,Electronics,59231,3,Pune,177693
2023-06-01,Tshirt,Fragrance,25535,1,Chennai,25535
2023-05-31,Mobile,Accessories,459,3,Kolkata,1377
2023-07-09,Headphones,Fragrance,12445,2,Mumbai,24890
2023-08-12,Bag,Clothing,15673,3,Bangalore,47019
2023-02-06,Mobile,Electronics,32221,4,Hyderabad,128884
2023-09-25,Bag,Electronics,39623,4,Kolkata,158492
2023-07-02,Mobile,Clothing,16537,1,Mumbai,16537
2023-01-13,Tshirt,Clothing,42271,3,Hyderabad,126813
2023-10-06,Perfume,Accessories,8544,1,Delhi,8544
2023-08-05,Mobile,Electronics,15043,1,Hyderabad,15043
2023-12-21,Headphones,Electronics,31866,2,Kolkata,63732
2023-12-27,Mobile,Accessories,46401,2,Chennai,92802
2023-10-13,Jeans,Footwear,46409,4,Kolkata,185636
2023-09-30,Tshirt,Accessories,56298,1,Hyderabad,56298
2023-03-03,Headphones,Fragrance,18991,4,Pune,75964
2023-03-25,Jacket,Electronics,34296,3,Mumbai,102888
2023-08-05,Headphones,Clothing,56678,1,Mumbai,56678
2023-12-08,Jeans,Fragrance,5890,1,Hyderabad,5890
2023-07-06,Perfume,Electronics,56371,3,Mumbai,169113
2023-01-19,Tshirt,Accessories,5885,3,Pune,17655
2023-06-26,Jacket,Fragrance,9527,4,Kolkata,38108
2023-04-10,Jeans,Electronics,28578,4,Mumbai,114312
2023-08-21,Jeans,Footwear,39114,3,Hyderabad,117342
2023-03-17,Shoes,Footwear,12537,4,Bangalore,50148
2023-09-22,Tshirt,Clothing,15949,3,Bangalore,47847
2023-10-11,Headphones,Electronics,38013,1,Delhi,38013
2023-07-25,Bag,Footwear,8227,1,Mumbai,8227
2023-08-11,Perfume,Accessories,45709,2,Kolkata,91418
2023-02-21,Bag,Electronics,49066,1,Hyderabad,49066
2023-12-05,Headphones,Accessories,46454,3,Mumbai,139362
2023-05-24,Headphones,Accessories,7316,4,Chennai,29264
2023-03-10,Tshirt,Footwear,14327,2,Pune,28654
2023-04-09,Headphones,Electronics,48988,4,Mumbai,195952
2023-01-25,Shoes,Fragrance,24442,3,Mumbai,73326
2023-02-22,Jacket,Footwear,46820,1,Bangalore,46820
2023-05-31,Headphones,Footwear,54538,2,Pune,109076
2023-05-24,Bag,Electronics,58908,3,Hyderabad,176724
2023-02-26,Headphones,Electronics,23845,2,Mumbai,47690
2023-02-08,Shoes,Accessories,51336,2,Bangalore,102672
2023-04-19,Mobile,Electronics,32197,1,Delhi,32197
2023-06-30,Mobile,Accessories,51261,3,Pune,153783
2023-02-11,Jeans,Footwear,3467,4,Bangalore,13868
2023-07-05,Perfume,Clothing,45057,2,Bangalore,90114
2023-08-11,Watch,Fragrance,27217,2,Kolkata,54434
2023-05-02,Jacket,Footwear,23036,4,Bangalore,92144
2023-05-13,Laptop,Electronics,28290,3,Kolkata,84870
2023-06-12,Jeans,Fragrance,58461,2,Mumbai,116922
2023-08-03,Perfume,Clothing,14387,2,Mumbai,28774
2023-08-09,Mobile,Clothing,22740,2,Delhi,45480
2023-08-23,Bag,Accessories,35505,3,Chennai,106515
2023-11-27,Laptop,Fragrance,55920,3,Chennai,167760
2023-05-26,Perfume,Accessories,15575,4,Chennai,62300
2023-08-27,Perfume,Footwear,58532,3,Kolkata,175596
2023-03-17,Jeans,Fragrance,55403,3,Pune,166209
2023-01-09,Laptop,Footwear,5576,1,Pune,5576
2023-03-15,Tshirt,Accessories,41927,4,Delhi,167708
2023-09-10,Watch,Fragrance,40886,2,Pune,81772
2023-08-18,Tshirt,Accessories,37796,3,Chennai,113388
2023-01-07,Laptop,Fragrance,19308,2,Chennai,38616
2023-06-23,Tshirt,Accessories,6038,2,Bangalore,12076
2023-05-21,Shoes,Clothing,32702,1,Pune,32702
2023-06-17,Mobile,Accessories,53684,3,Mumbai,161052
2023-06-19,Shoes,Clothing,6093,4,Mumbai,24372
2023-10-10,Headphones,Accessories,37591,3,Bangalore,112773
2023-05-02,Tshirt,Fragrance,5871,2,Bangalore,11742
2023-07-13,Headphones,Fragrance,31631,4,Bangalore,126524
2023-01-05,Bag,Fragrance,16509,3,Mumbai,49527
2023-01-29,Jacket,Electronics,48314,2,Chennai,96628
2023-06-14,Bag,Footwear,25694,2,Bangalore,51388
2023-12-05,Laptop,Fragrance,43448,1,Delhi,43448
2023-05-16,Perfume,Clothing,25982,1,Kolkata,25982
2023-12-31,Mobile,Fragrance,2524,1,Bangalore,2524
2023-11-17,Tshirt,Electronics,41457,2,Kolkata,82914
2023-12-08,Jeans,Clothing,48995,3,Hyderabad,146985
2023-05-25,Jacket,Electronics,55543,1,Bangalore,55543
2023-11-23,Watch,Clothing,44752,3,Mumbai,134256
2023-08-05,Watch,Accessories,43708,1,Pune,43708
2023-10-28,Watch,Footwear,32741,4,Bangalore,130964
2023-05-12,Tshirt,Footwear,41730,4,Pune,166920
2023-10-19,Watch,Electronics,39429,1,Hyderabad,39429
2023-03-11,Shoes,Footwear,35016,2,Delhi,70032
2023-09-09,Jacket,Electronics,45159,1,Pune,45159
2023-10-02,Shoes,Electronics,26886,1,Kolkata,26886
2023-12-30,Perfume,Electronics,45060,2,Chennai,90120
2023-07-01,Jacket,Footwear,23778,4,Bangalore,95112
2023-06-16,Shoes,Electronics,6618,3,Hyderabad,19854
2023-04-01,Jacket,Footwear,28994,1,Hyderabad,28994
2023-07-21,Perfume,Electronics,20480,2,Pune,40960
2023-12-12,Headphones,Fragrance,12480,1,Delhi,12480
2023-01-19,Tshirt,Electronics,33302,2,Mumbai,66604
2023-02-08,Tshirt,Clothing,15672,3,Bangalore,47016
2023-05-06,Watch,Electronics,30096,3,Hyderabad,90288
2023-06-22,Bag,Accessories,58572,4,Delhi,234288
2023-05-21,Watch,Electronics,53059,2,Chennai,106118
2023-08-30,Laptop,Clothing,24727,2,Hyderabad,49454
2023-08-08,Shoes,Clothing,33590,4,Delhi,134360
2023-05-06,Jacket,Footwear,55356,4,Mumbai,221424
2023-02-27,Bag,Fragrance,28399,2,Mumbai,56798
2023-05-28,Perfume,Electronics,45786,4,Hyderabad,183144
2023-11-13,Laptop,Footwear,54340,3,Kolkata,163020
2023-12-27,Perfume,Fragrance,10121,1,Hyderabad,10121
2023-01-01,Tshirt,Electronics,6132,3,Pune,18396
2023-12-14,Tshirt,Accessories,13120,4,Bangalore,52480
2023-07-09,Watch,Electronics,16511,2,Delhi,33022
2023-07-10,Shoes,Clothing,40190,2,Hyderabad,80380
2023-11-08,Bag,Clothing,6142,3,Bangalore,18426
2023-04-27,Mobile,Accessories,1616,2,Pune,3232
2023-05-14,Laptop,Footwear,46268,4,Bangalore,185072
2023-02-27,Laptop,Fragrance,17808,3,Hyderabad,53424
2023-02-13,Watch,Electronics,22305,2,Mumbai,44610
2023-06-22,Tshirt,Clothing,54875,1,Delhi,54875
2023-06-09,Watch,Footwear,15506,1,Delhi,15506
2023-06-22,Jacket,Accessories,19271,4,Mumbai,77084
2023-11-13,Bag,Clothing,25899,2,Kolkata,51798
2023-10-30,Shoes,Accessories,22356,4,Hyderabad,89424
2023-05-29,Headphones,Electronics,1678,3,Delhi,5034
2023-03-21,Jeans,Fragrance,52826,1,Hyderabad,52826
2023-08-01,Jeans,Clothing,1819,3,Pune,5457
2023-07-22,Watch,Clothing,22461,2,Hyderabad,44922
2023-09-09,Jacket,Electronics,41003,4,Bangalore,164012
2023-08-17,Bag,Footwear,39161,4,Mumbai,156644
2023-06-13,Mobile,Fragrance,57870,4,Kolkata,231480
2023-08-15,Jeans,Clothing,5655,3,Hyderabad,16965
2023-05-27,Bag,Fragrance,54420,1,Kolkata,54420
2023-01-20,Shoes,Clothing,9383,3,Kolkata,28149
2023-02-16,Perfume,Fragrance,38642,3,Pune,115926
2023-08-21,Jacket,Accessories,20756,2,Chennai,41512
2023-11-01,Tshirt,Clothing,13624,2,Mumbai,27248
2023-01-14,Bag,Fragrance,2557,2,Kolkata,5114
2023-05-23,Shoes,Footwear,27664,1,Delhi,27664
2023-01-01,Mobile,Accessories,25272,1,Bangalore,25272
2023-02-23,Headphones,Accessories,46479,2,Delhi,92958
2023-09-16,Tshirt,Footwear,26954,2,Pune,53908
2023-05-24,Headphones,Fragrance,15533,1,Pune,15533
2023-01-12,Mobile,Electronics,16187,4,Delhi,64748
2023-11-26,Shoes,Footwear,29620,1,Mumbai,29620
2023-08-12,Jeans,Fragrance,21108,1,Delhi,21108
2023-09-29,Headphones,Footwear,52689,1,Hyderabad,52689
2023-12-24,Tshirt,Footwear,30454,2,Delhi,60908
2023-06-05,Watch,Clothing,53345,4,Bangalore,213380
2023-01-08,Laptop,Fragrance,35073,1,Bangalore,35073
2023-05-02,Bag,Electronics,51468,2,Chennai,102936
2023-12-14,Jeans,Clothing,28047,3,Bangalore,84141
2023-06-13,Headphones,Footwear,11160,3,Delhi,33480
2023-03-31,Perfume,Footwear,43138,1,Bangalore,43138
2023-05-16,Bag,Footwear,42456,3,Mumbai,127368
2023-07-05,Watch,Fragrance,18456,4,Kolkata,73824
2023-11-12,Mobile,Fragrance,57805,3,Bangalore,173415
2023-06-27,Laptop,Clothing,20660,3,Hyderabad,61980
2023-01-28,Shoes,Electronics,18435,4,Mumbai,73740
2023-08-08,Watch,Clothing,25651,1,Chennai,25651
2023-12-23,Watch,Accessories,56882,1,Hyderabad,56882
2023-02-10,Mobile,Footwear,30799,4,Delhi,123196
2023-08-16,Jacket,Footwear,47677,4,Kolkata,190708
2023-07-11,Mobile,Footwear,23854,4,Delhi,95416
2023-05-25,Jacket,Clothing,55921,3,Kolkata,167763
2023-07-20,Jacket,Clothing,49431,4,Kolkata,197724
2023-07-31,Jeans,Footwear,58583,2,Delhi,117166
2023-08-08,Jeans,Clothing,19904,3,Hyderabad,59712
2023-08-28,Tshirt,Fragrance,17223,1,Hyderabad,17223
2023-02-15,Headphones,Fragrance,47891,1,Kolkata,47891
2023-02-04,Headphones,Clothing,50913,1,Hyderabad,50913
2023-09-10,Shoes,Footwear,54636,3,Kolkata,163908
2023-03-23,Headphones,Clothing,8847,2,Kolkata,17694
2023-09-13,Jeans,Clothing,44583,4,Mumbai,178332
2023-07-16,Tshirt,Clothing,33302,4,Pune,133208
2023-10-30,Tshirt,Accessories,14862,1,Mumbai,14862
2023-01-10,Jacket,Fragrance,51000,1,Delhi,51000
2023-11-08,Mobile,Electronics,7780,3,Pune,23340
2023-10-13,Shoes,Electronics,26972,2,Bangalore,53944
2023-08-30,Jacket,Accessories,4513,4,Delhi,18052
2023-09-08,Mobile,Clothing,10593,3,Chennai,31779
2023-12-31,Headphones,Accessories,34741,4,Mumbai,138964
2023-01-05,Jacket,Accessories,56160,1,Hyderabad,56160
2023-04-29,Bag,Footwear,57434,4,Mumbai,229736
2023-10-16,Headphones,Fragrance,2400,2,Hyderabad,4800
2023-03-06,Mobile,Electronics,44917,2,Pune,89834
2023-05-26,Shoes,Clothing,28472,1,Chennai,28472
2023-08-12,Mobile,Electronics,20432,2,Pune,40864
2023-08-27,Jacket,Electronics,52625,2,Chennai,105250
2023-06-26,Jacket,Fragrance,18499,3,Mumbai,55497
2023-09-24,Watch,Electronics,36909,4,Hyderabad,147636
2023-12-07,Shoes,Electronics,43265,1,Pune,43265
2023-10-09,Perfume,Accessories,8316,1,Chennai,8316
2023-03-04,Headphones,Fragrance,40079,1,Kolkata,40079
2023-08-05,Tshirt,Footwear,37561,1,Delhi,37561
2023-12-08,Shoes,Clothing,32181,1,Delhi,32181
2023-11-11,Tshirt,Electronics,17358,2,Pune,34716
2023-10-10,Shoes,Clothing,24772,3,Hyderabad,74316
2023-06-26,Shoes,Footwear,41646,1,Kolkata,41646
2023-04-08,Mobile,Clothing,35226,3,Pune,105678
2023-04-15,Shoes,Footwear,52113,3,Mumbai,156339
2023-04-09,Watch,Accessories,35132,2,Chennai,70264
2023-11-07,Perfume,Electronics,36321,1,Mumbai,36321
2023-01-06,Jacket,Footwear,54431,2,Delhi,108862
2023-07-16,Laptop,Clothing,24387,1,Chennai,24387
2023-12-17,Tshirt,Electronics,13128,2,Pune,26256
2023-05-13,Jacket,Accessories,31428,3,Mumbai,94284
2023-12-24,Laptop,Electronics,58383,1,Bangalore,58383
2023-09-16,Perfume,Footwear,1701,4,Hyderabad,6804
2023-01-23,Perfume,Accessories,19943,3,Kolkata,59829
2023-02-22,Tshirt,Clothing,15493,4,Kolkata,61972
2023-06-14,Tshirt,Accessories,27153,3,Hyderabad,81459
2023-07-21,Perfume,Accessories,45164,2,Bangalore,90328
2023-03-24,Laptop,Fragrance,20607,1,Delhi,20607
2023-05-25,Shoes,Accessories,37282,3,Chennai,111846
2023-03-26,Headphones,Accessories,19911,2,Hyderabad,39822
2023-03-19,Bag,Electronics,44091,1,Bangalore,44091
2023-01-01,Jacket,Clothing,12250,1,Pune,12250
2023-02-20,Mobile,Electronics,11004,3,Kolkata,33012
2023-06-22,Jacket,Electronics,43411,1,Bangalore,43411
2023-07-24,Mobile,Footwear,12167,3,Delhi,36501
2023-09-17,Laptop,Electronics,3045,1,Delhi,3045
2023-10-15,Mobile,Fragrance,55543,4,Mumbai,222172
2023-02-03,Tshirt,Fragrance,4166,2,Hyderabad,8332
2023-12-14,Headphones,Footwear,32545,4,Mumbai,130180
2023-04-05,Headphones,Clothing,45024,3,Kolkata,135072
2023-03-13,Tshirt,Clothing,6118,4,Bangalore,24472
2023-02-08,Watch,Electronics,51674,3,Chennai,155022
2023-06-03,Laptop,Electronics,49161,1,Chennai,49161
2023-09-07,Watch,Electronics,52244,1,Delhi,52244
2023-06-11,Watch,Clothing,59341,3,Chennai,178023
2023-04-28,Jacket,Accessories,30416,4,Chennai,121664
2023-09-16,Perfume,Fragrance,15793,1,Kolkata,15793
2023-11-02,Jacket,Accessories,28338,2,Chennai,56676
2023-09-25,Perfume,Accessories,20747,1,Bangalore,20747
2023-02-23,Bag,Clothing,30731,2,Chennai,61462
2023-08-24,Mobile,Accessories,18208,4,Pune,72832
2023-08-10,Perfume,Footwear,29636,2,Chennai,59272
2023-09-08,Tshirt,Electronics,41292,2,Chennai,82584
2023-11-09,Jacket,Footwear,55650,2,Mumbai,111300
2023-04-22,Laptop,Fragrance,4325,2,Bangalore,8650
2023-09-12,Mobile,Electronics,52018,1,Delhi,52018
2023-10-30,Bag,Accessories,52255,2,Mumbai,104510
2023-07-26,Perfume,Fragrance,20393,1,Hyderabad,20393
2023-08-17,Bag,Electronics,6455,2,Bangalore,12910
2023-12-07,Laptop,Accessories,46907,3,Pune,140721
2023-03-07,Watch,Footwear,33787,4,Bangalore,135148
2023-03-16,Headphones,Electronics,47958,2,Hyderabad,95916
2023-04-13,Laptop,Accessories,55968,3,Hyderabad,167904
2023-07-11,Jeans,Footwear,21263,2,Hyderabad,42526
2023-09-09,Laptop,Fragrance,50424,2,Kolkata,100848
2023-08-14,Bag,Fragrance,53170,2,Delhi,106340
2023-10-21,Tshirt,Fragrance,56847,3,Chennai,170541
2023-11-02,Jacket,Fragrance,53854,4,Bangalore,215416
2023-04-08,Tshirt,Clothing,21236,3,Kolkata,63708
2023-12-04,Bag,Electronics,51659,4,Chennai,206636
2023-10-13,Jacket,Electronics,4726,2,Chennai,9452
2023-12-01,Jeans,Clothing,23603,1,Pune,23603
2023-12-13,Headphones,Accessories,45580,2,Hyderabad,91160
2023-11-04,Mobile,Accessories,27906,4,Delhi,111624
2023-09-06,Bag,Fragrance,48132,3,Pune,144396
2023-06-15,Perfume,Footwear,28451,2,Mumbai,56902
2023-12-01,Bag,Accessories,14067,3,Kolkata,42201
2023-01-30,Bag,Footwear,11608,3,Kolkata,34824
2023-09-04,Jacket,Electronics,44545,3,Delhi,133635
2023-04-16,Shoes,Footwear,58287,2,Chennai,116574
2023-02-20,Laptop,Electronics,45971,3,Kolkata,137913
2023-03-22,Shoes,Clothing,25070,3,Delhi,75210
2023-05-13,Jeans,Clothing,28872,2,Kolkata,57744
2023-10-12,Perfume,Fragrance,41748,3,Kolkata,125244
2023-05-18,Headphones,Accessories,2504,2,Hyderabad,5008
2023-07-03,Watch,Fragrance,27533,4,Mumbai,110132
2023-11-26,Jeans,Electronics,22029,4,Hyderabad,88116
2023-09-30,Watch,Fragrance,31431,4,Mumbai,125724
2023-12-06,Watch,Footwear,52728,3,Kolkata,158184
2023-03-10,Headphones,Electronics,34170,1,Pune,34170
2023-02-03,Tshirt,Clothing,38311,1,Chennai,38311
2023-09-19,Shoes,Accessories,39682,3,Kolkata,119046
2023-02-22,Bag,Electronics,49367,1,Mumbai,49367
2023-07-24,Mobile,Electronics,58885,2,Mumbai,117770
2023-05-06,Watch,Footwear,41775,1,Mumbai,41775
2023-08-23,Perfume,Accessories,46981,3,Kolkata,140943
2023-02-12,Jeans,Clothing,21907,3,Delhi,65721
2023-08-28,Tshirt,Electronics,25268,2,Pune,50536
2023-04-21,Watch,Electronics,33698,4,Delhi,134792
2023-09-06,Tshirt,Footwear,12208,3,Chennai,36624
2023-05-31,Tshirt,Fragrance,26723,2,Kolkata,53446
2023-07-02,Watch,Clothing,43915,1,Mumbai,43915
2023-12-02,Jacket,Accessories,9471,1,Pune,9471
2023-04-05,Laptop,Electronics,13021,2,Pune,26042
2023-01-08,Perfume,Electronics,56135,2,Bangalore,112270
2023-12-26,Bag,Clothing,49729,3,Chennai,149187
2023-07-03,Bag,Fragrance,16916,1,Pune,16916
2023-10-08,Perfume,Electronics,42812,2,Kolkata,85624
2023-07-14,Jacket,Clothing,38758,1,Mumbai,38758
2023-12-18,Bag,Footwear,46469,2,Mumbai,92938
2023-07-14,Tshirt,Fragrance,7959,1,Pune,7959
2023-06-04,Headphones,Accessories,43669,4,Delhi,174676
2023-04-03,Jeans,Electronics,12004,3,Chennai,36012
2023-06-09,Shoes,Clothing,33093,1,Mumbai,33093
2023-03-02,Bag,Footwear,48452,4,Pune,193808
2023-05-02,Perfume,Accessories,46773,1,Mumbai,46773
2023-02-20,Headphones,Clothing,31526,1,Pune,31526
2023-10-04,Watch,Clothing,24152,4,Chennai,96608
2023-01-05,Laptop,Accessories,32382,1,Pune,32382
2023-04-02,Perfume,Footwear,23094,1,Bangalore,23094
2023-06-19,Tshirt,Footwear,41720,3,Pune,125160
2023-11-13,Laptop,Fragrance,53216,4,Pune,212864
2023-01-22,Jeans,Electronics,56051,4,Kolkata,224204
2023-11-22,Jeans,Accessories,13679,2,Chennai,27358
2023-01-01,Jacket,Accessories,54554,1,Kolkata,54554
2023-05-13,Mobile,Accessories,7306,3,Pune,21918
2023-08-21,Jacket,Footwear,52935,1,Chennai,52935
2023-01-12,Headphones,Electronics,51446,1,Bangalore,51446
2023-12-12,Laptop,Fragrance,8982,2,Chennai,17964
2023-02-15,Mobile,Clothing,34140,1,Mumbai,34140
2023-02-03,Watch,Clothing,32730,3,Kolkata,98190
2023-03-19,Tshirt,Accessories,23391,3,Chennai,70173
2023-08-06,Laptop,Electronics,33283,2,Bangalore,66566
2023-10-28,Jacket,Footwear,24289,1,Hyderabad,24289
2023-03-14,Shoes,Electronics,10215,3,Pune,30645
2023-10-09,Mobile,Electronics,42852,1,Chennai,42852
2023-09-06,Mobile,Footwear,19290,1,Pune,19290
2023-02-16,Tshirt,Accessories,25034,1,Delhi,25034
2023-05-01,Bag,Electronics,15124,2,Mumbai,30248
2023-08-02,Jeans,Clothing,54233,1,Kolkata,54233
2023-08-27,Jeans,Footwear,36381,3,Mumbai,109143
2023-02-25,Shoes,Fragrance,11333,1,Delhi,11333
2023-12-16,Headphones,Accessories,43036,3,Delhi,129108
2023-04-17,Headphones,Footwear,16541,1,Kolkata,16541
2023-11-15,Watch,Fragrance,59696,3,Chennai,179088
2023-02-17,Laptop,Fragrance,57215,3,Delhi,171645
2023-03-02,Perfume,Electronics,6239,1,Hyderabad,6239
2023-12-03,Bag,Electronics,47764,1,Pune,47764
2023-01-26,Jacket,Electronics,47862,3,Pune,143586
2023-10-19,Perfume,Footwear,35363,4,Bangalore,141452
2023-09-14,Perfume,Footwear,55137,2,Delhi,110274
2023-01-08,Mobile,Accessories,34764,4,Delhi,139056
2023-04-23,Shoes,Electronics,11485,4,Hyderabad,45940
2023-12-21,Jeans,Fragrance,27345,1,Mumbai,27345
2023-09-10,Watch,Clothing,51398,2,Mumbai,102796
2023-06-29,Headphones,Accessories,45069,4,Pune,180276
2023-07-26,Shoes,Footwear,47418,1,Pune,47418
2023-10-30,Mobile,Accessories,19467,4,Chennai,77868
2023-05-07,Jacket,Accessories,36712,4,Kolkata,146848
2023-02-25,Watch,Accessories,21925,1,Hyderabad,21925
2023-08-02,Mobile,Accessories,39488,1,Kolkata,39488
2023-01-14,Jeans,Clothing,27376,1,Kolkata,27376
2023-01-28,Jeans,Electronics,57009,2,Bangalore,114018
2023-03-19,Jeans,Fragrance,44905,4,Kolkata,179620
2023-08-04,Shoes,Accessories,19329,1,Bangalore,19329
2023-12-31,Shoes,Accessories,23273,3,Kolkata,69819
2023-06-03,Headphones,Accessories,39421,4,Hyderabad,157684
2023-01-14,Headphones,Electronics,31733,3,Bangalore,95199
2023-07-06,Jacket,Footwear,43609,2,Mumbai,87218
2023-11-08,Watch,Footwear,2232,1,Bangalore,2232
2023-01-07,Tshirt,Clothing,44554,3,Bangalore,133662
2023-01-03,Tshirt,Footwear,2057,2,Hyderabad,4114
2023-04-21,Mobile,Accessories,31022,1,Hyderabad,31022
2023-08-26,Jeans,Accessories,38153,3,Bangalore,114459
2023-12-29,Watch,Accessories,38705,3,Delhi,116115
2023-08-27,Perfume,Clothing,1416,2,Hyderabad,2832
2023-10-01,Shoes,Accessories,43827,1,Chennai,43827
2023-10-21,Laptop,Footwear,11991,1,Chennai,11991
2023-08-15,Bag,Electronics,792,3,Mumbai,2376
2023-01-15,Jacket,Electronics,28182,3,Kolkata,84546
2023-07-11,Jeans,Fragrance,9111,3,Bangalore,27333
2023-04-29,Jeans,Footwear,28108,1,Delhi,28108
2023-01-28,Jeans,Accessories,24572,2,Mumbai,49144
2023-07-21,Shoes,Electronics,28699,2,Bangalore,57398
2023-02-08,Shoes,Footwear,6774,1,Hyderabad,6774
2023-09-30,Bag,Electronics,27256,4,Chennai,109024
2023-08-19,Perfume,Accessories,47453,2,Pune,94906
2023-03-27,Watch,Electronics,42806,3,Delhi,128418
2023-05-06,Jeans,Fragrance,54410,4,Pune,217640
2023-10-27,Tshirt,Fragrance,14279,4,Chennai,57116
2023-01-25,Headphones,Electronics,44823,2,Kolkata,89646
2023-05-25,Tshirt,Footwear,42865,4,Kolkata,171460
2023-01-13,Mobile,Footwear,28628,4,Pune,114512
2023-07-31,Tshirt,Footwear,47675,2,Hyderabad,95350
2023-01-25,Mobile,Electronics,13167,2,Bangalore,26334
2023-03-09,Laptop,Footwear,59534,4,Hyderabad,238136
2023-03-08,Headphones,Accessories,26151,3,Pune,78453
2023-08-21,Tshirt,Fragrance,31579,1,Hyderabad,31579
2023-04-19,Laptop,Accessories,52195,4,Chennai,208780
2023-05-26,Jacket,Footwear,30827,4,Delhi,123308
2023-04-21,Watch,Accessories,8166,3,Hyderabad,24498
2023-08-16,Laptop,Footwear,15749,4,Chennai,62996
2023-04-21,Watch,Electronics,10985,4,Delhi,43940
2023-02-03,Tshirt,Accessories,23844,1,Kolkata,23844
2023-04-21,Perfume,Electronics,5751,1,Bangalore,5751
2023-09-21,Laptop,Electronics,21942,1,Pune,21942
2023-08-24,Headphones,Clothing,41616,2,Kolkata,83232
2023-03-24,Tshirt,Footwear,40254,2,Bangalore,80508
2023-02-11,Jeans,Fragrance,39170,1,Kolkata,39170
2023-04-11,Shoes,Footwear,31330,1,Mumbai,31330
2023-01-06,Laptop,Fragrance,58513,2,Kolkata,117026
2023-06-29,Headphones,Footwear,58529,3,Chennai,175587
2023-10-09,Jacket,Electronics,59645,4,Delhi,238580
2023-11-16,Jeans,Accessories,31173,4,Kolkata,124692
2023-08-14,Jacket,Accessories,58927,1,Hyderabad,58927
2023-11-11,Tshirt,Clothing,919,3,Bangalore,2757
2023-12-31,Shoes,Fragrance,33950,2,Kolkata,67900
2023-08-17,Laptop,Fragrance,25672,1,Delhi,25672
2023-10-16,Laptop,Fragrance,3942,3,Chennai,11826
2023-05-30,Perfume,Electronics,28301,3,Mumbai,84903
2023-10-04,Perfume,Fragrance,34364,3,Bangalore,103092
2023-07-17,Tshirt,Accessories,29590,2,Pune,59180
2023-03-11,Tshirt,Electronics,14422,2,Delhi,28844
2023-04-22,Shoes,Footwear,25120,4,Pune,100480
2023-01-04,Perfume,Fragrance,3195,4,Delhi,12780
2023-12-16,Headphones,Fragrance,56045,3,Delhi,168135
2023-11-27,Headphones,Footwear,50381,3,Chennai,151143
2023-11-14,Shoes,Fragrance,5666,2,Chennai,11332
2023-12-16,Headphones,Footwear,9011,4,Chennai,36044
2023-04-05,Mobile,Electronics,19896,3,Kolkata,59688
2023-06-01,Watch,Accessories,19093,4,Hyderabad,76372
2023-11-07,Shoes,Footwear,8499,4,Delhi,33996
2023-05-17,Shoes,Clothing,11017,3,Bangalore,33051
2023-09-04,Bag,Footwear,36491,2,Pune,72982
2023-08-31,Jeans,Fragrance,10511,3,Chennai,31533
2023-01-31,Jeans,Electronics,45850,3,Kolkata,137550
2023-02-09,Mobile,Electronics,23660,4,Chennai,94640
2023-08-17,Perfume,Footwear,57046,3,Pune,171138
2023-02-05,Tshirt,Accessories,21842,2,Pune,43684
2023-08-11,Tshirt,Clothing,31612,3,Delhi,94836
2023-01-06,Jacket,Electronics,45542,2,Chennai,91084
2023-11-18,Mobile,Fragrance,36735,2,Pune,73470
2023-08-08,Shoes,Fragrance,28547,4,Hyderabad,114188
2023-03-16,Mobile,Accessories,22657,1,Hyderabad,22657
2023-01-04,Mobile,Electronics,55688,1,Chennai,55688
2023-12-01,Mobile,Footwear,41345,4,Kolkata,165380
2023-05-14,Jeans,Fragrance,27991,3,Pune,83973
2023-04-28,Mobile,Accessories,12724,4,Delhi,50896
2023-04-04,Watch,Electronics,19152,2,Delhi,38304
2023-03-03,Tshirt,Electronics,22901,1,Kolkata,22901
2023-07-13,Jacket,Electronics,53071,4,Delhi,212284
2023-12-01,Watch,Electronics,18320,3,Mumbai,54960
2023-07-22,Jacket,Electronics,8455,4,Chennai,33820
2023-01-26,Bag,Fragrance,3883,1,Delhi,3883
2023-06-22,Jacket,Accessories,15815,4,Hyderabad,63260
2023-10-27,Tshirt,Electronics,37077,4,Pune,148308
2023-05-13,Tshirt,Clothing,20010,1,Bangalore,20010
2023-11-22,Mobile,Clothing,43478,2,Kolkata,86956
2023-04-28,Laptop,Accessories,24832,2,Bangalore,49664
2023-11-20,Bag,Footwear,18901,1,Delhi,18901
2023-10-02,Shoes,Footwear,5267,4,Bangalore,21068
2023-07-31,Headphones,Footwear,19053,1,Bangalore,19053
2023-08-13,Jacket,Clothing,20322,2,Mumbai,40644
2023-01-20,Laptop,Footwear,43763,3,Hyderabad,131289
2023-04-23,Mobile,Fragrance,9435,4,Kolkata,37740
2023-05-20,Jeans,Electronics,6022,2,Hyderabad,12044
2023-02-16,Shoes,Clothing,27713,4,Mumbai,110852
2023-01-01,Perfume,Accessories,27536,1,Mumbai,27536
2023-03-31,Laptop,Accessories,15814,3,Bangalore,47442
2023-05-22,Jeans,Electronics,44196,1,Chennai,44196
2023-11-16,Bag,Clothing,37512,3,Pune,112536
2023-02-07,Mobile,Footwear,40686,4,Pune,162744
2023-10-20,Shoes,Footwear,20631,4,Bangalore,82524
2023-05-19,Shoes,Fragrance,18360,1,Pune,18360
2023-12-22,Shoes,Fragrance,1496,3,Mumbai,4488
2023-11-29,Bag,Footwear,12597,3,Hyderabad,37791
